{
    "predict_accuracy": 0.15152405195483323,
    "predict_loss": 1.4957717657089233,
    "predict_runtime": 53993.4682,
    "predict_samples": 367704,
    "predict_samples_per_second": 6.81,
    "predict_steps_per_second": 0.851
}