{
    "predict_accuracy": 0.1314905185660492,
    "predict_loss": 1.48452627658844,
    "predict_runtime": 7646.3814,
    "predict_samples": 118442,
    "predict_samples_per_second": 15.49,
    "predict_steps_per_second": 1.936
}