{
    "epoch": 3.0,
    "eval_accuracy": 0.005141757146958005,
    "eval_loss": 2.543412685394287,
    "eval_runtime": 8948.1525,
    "eval_samples": 118442,
    "eval_samples_per_second": 13.236,
    "eval_steps_per_second": 1.655
}