{
    "predict_accuracy": 0.004812482058729167,
    "predict_loss": 2.547805070877075,
    "predict_runtime": 8999.2865,
    "predict_samples": 118442,
    "predict_samples_per_second": 13.161,
    "predict_steps_per_second": 1.645
}