{
    "predict_accuracy": 0.00550312474143419,
    "predict_loss": 2.544921636581421,
    "predict_runtime": 45087.2077,
    "predict_samples": 592209,
    "predict_samples_per_second": 13.135,
    "predict_steps_per_second": 1.642
}