{
    "epoch": 3.0,
    "eval_accuracy": 0.06468989041049628,
    "eval_loss": 1.6234761476516724,
    "eval_runtime": 17430.6031,
    "eval_samples": 118442,
    "eval_samples_per_second": 6.795,
    "eval_steps_per_second": 0.849,
    "predict_accuracy": 0.06430995761638608,
    "predict_loss": 1.6281286478042603,
    "predict_runtime": 17441.6495,
    "predict_samples": 118442,
    "predict_samples_per_second": 6.791,
    "predict_steps_per_second": 0.849,
    "train_loss": 1.8677655695494726,
    "train_runtime": 59317.3981,
    "train_samples": 355325,
    "train_samples_per_second": 17.971,
    "train_steps_per_second": 2.246
}