{
    "epoch": 3.0,
    "eval_accuracy": 0.12966684115432026,
    "eval_loss": 1.4941140413284302,
    "eval_runtime": 7741.3912,
    "eval_samples": 118442,
    "eval_samples_per_second": 15.3,
    "eval_steps_per_second": 1.913,
    "predict_accuracy": 0.1305026933013627,
    "predict_loss": 1.4931645393371582,
    "predict_runtime": 7744.5177,
    "predict_samples": 118442,
    "predict_samples_per_second": 15.294,
    "predict_steps_per_second": 1.912,
    "train_loss": 1.783768899388089,
    "train_runtime": 33579.0536,
    "train_samples": 355325,
    "train_samples_per_second": 31.745,
    "train_steps_per_second": 3.968
}