{
    "predict_accuracy": 0.064915701341897,
    "predict_loss": 6.993301868438721,
    "predict_runtime": 3536.9576,
    "predict_samples": 26157,
    "predict_samples_per_second": 7.395,
    "predict_steps_per_second": 0.925
}