{
    "epoch": 3.0,
    "eval_accuracy": 0.006099162459509149,
    "eval_loss": 1.8773384094238281,
    "eval_runtime": 14606.4202,
    "eval_samples": 102801,
    "eval_samples_per_second": 7.038,
    "eval_steps_per_second": 0.88,
    "predict_accuracy": 0.0034509958588049695,
    "predict_loss": 1.9004864692687988,
    "predict_runtime": 17332.9141,
    "predict_samples": 121704,
    "predict_samples_per_second": 7.022,
    "predict_steps_per_second": 0.878,
    "train_loss": 1.060295646826886,
    "train_runtime": 22373.3575,
    "train_samples": 367704,
    "train_samples_per_second": 49.305,
    "train_steps_per_second": 6.163
}