{
    "predict_accuracy": 0.0034509958588049695,
    "predict_loss": 1.9004864692687988,
    "predict_runtime": 17332.9141,
    "predict_samples": 121704,
    "predict_samples_per_second": 7.022,
    "predict_steps_per_second": 0.878
}