{
    "epoch": 3.0,
    "eval_accuracy": 0.00011673038200017509,
    "eval_loss": 2.571014881134033,
    "eval_runtime": 7731.8753,
    "eval_samples": 102801,
    "eval_samples_per_second": 13.296,
    "eval_steps_per_second": 1.662,
    "predict_accuracy": 9.859988168014199e-05,
    "predict_loss": 2.5878045558929443,
    "predict_runtime": 9148.6269,
    "predict_samples": 121704,
    "predict_samples_per_second": 13.303,
    "predict_steps_per_second": 1.663,
    "train_loss": 2.8811556816080324,
    "train_runtime": 8888.8937,
    "train_samples": 367704,
    "train_samples_per_second": 124.1,
    "train_steps_per_second": 15.513
}