{
    "epoch": 3.0,
    "eval_accuracy": 0.00011673038200017509,
    "eval_loss": 2.571014881134033,
    "eval_runtime": 7731.8753,
    "eval_samples": 102801,
    "eval_samples_per_second": 13.296,
    "eval_steps_per_second": 1.662
}