{
    "predict_accuracy": 0.06353939671980732,
    "predict_loss": 6.787149429321289,
    "predict_runtime": 3481.0899,
    "predict_samples": 26157,
    "predict_samples_per_second": 7.514,
    "predict_steps_per_second": 0.939
}