{
    "epoch": 3.0,
    "eval_accuracy": 0.0037887638949160463,
    "eval_loss": 2.9467880725860596,
    "eval_runtime": 13028.4929,
    "eval_samples": 119828,
    "eval_samples_per_second": 9.197,
    "eval_steps_per_second": 1.15,
    "predict_accuracy": 0.0036462850839150828,
    "predict_loss": 2.933553457260132,
    "predict_runtime": 13198.0852,
    "predict_samples": 118751,
    "predict_samples_per_second": 8.998,
    "predict_steps_per_second": 1.125,
    "train_loss": 2.9595291171754083,
    "train_runtime": 15807.2495,
    "train_samples": 353630,
    "train_samples_per_second": 67.114,
    "train_steps_per_second": 8.389
}