{
    "epoch": 3.0,
    "eval_accuracy": 0.0037887638949160463,
    "eval_loss": 2.9467880725860596,
    "eval_runtime": 13028.4929,
    "eval_samples": 119828,
    "eval_samples_per_second": 9.197,
    "eval_steps_per_second": 1.15
}