{
    "epoch": 3.0,
    "eval_accuracy": 0.008375407372384796,
    "eval_loss": 2.703732967376709,
    "eval_runtime": 5623.6196,
    "eval_samples": 118442,
    "eval_samples_per_second": 21.062,
    "eval_steps_per_second": 2.633
}