{
    "epoch": 3.0,
    "eval_accuracy": 0.10839904763512943,
    "eval_loss": 1.527382254600525,
    "eval_runtime": 7717.0563,
    "eval_samples": 118442,
    "eval_samples_per_second": 15.348,
    "eval_steps_per_second": 1.919
}