{
    "epoch": 3.0,
    "eval_accuracy": 0.03219614781186367,
    "eval_loss": 2.3091304302215576,
    "eval_runtime": 7607.0992,
    "eval_samples": 119828,
    "eval_samples_per_second": 15.752,
    "eval_steps_per_second": 1.969,
    "predict_accuracy": 0.03318708895082989,
    "predict_loss": 2.2914915084838867,
    "predict_runtime": 7570.5588,
    "predict_samples": 118751,
    "predict_samples_per_second": 15.686,
    "predict_steps_per_second": 1.961,
    "train_loss": 0.4790659459098282,
    "train_runtime": 10513.8275,
    "train_samples": 353630,
    "train_samples_per_second": 100.904,
    "train_steps_per_second": 12.613
}