{
    "predict_accuracy": 0.13476316091294874,
    "predict_loss": 7.133100509643555,
    "predict_runtime": 1692.0078,
    "predict_samples": 26157,
    "predict_samples_per_second": 15.459,
    "predict_steps_per_second": 1.933
}