{
    "predict_accuracy": 0.3650074525688205,
    "predict_loss": 1.1032682657241821,
    "predict_runtime": 8771.4272,
    "predict_samples": 118751,
    "predict_samples_per_second": 13.538,
    "predict_steps_per_second": 0.846
}