{
    "epoch": 3.0,
    "eval_accuracy": 0.003200357973171467,
    "eval_loss": 3.10612154006958,
    "eval_runtime": 6614.3227,
    "eval_samples": 102801,
    "eval_samples_per_second": 15.542,
    "eval_steps_per_second": 1.943
}