{
    "predict_accuracy": 0.0015775981068822718,
    "predict_loss": 3.1570165157318115,
    "predict_runtime": 7812.1451,
    "predict_samples": 121704,
    "predict_samples_per_second": 15.579,
    "predict_steps_per_second": 1.947
}