{
    "epoch": 3.0,
    "eval_accuracy": 0.0003501911460005253,
    "eval_loss": 3.5046908855438232,
    "eval_runtime": 4939.9495,
    "eval_samples": 102801,
    "eval_samples_per_second": 20.81,
    "eval_steps_per_second": 2.601,
    "predict_accuracy": 0.00023006639058699796,
    "predict_loss": 3.555630683898926,
    "predict_runtime": 5839.9341,
    "predict_samples": 121704,
    "predict_samples_per_second": 20.84,
    "predict_steps_per_second": 2.605,
    "train_loss": 2.8610414728081497,
    "train_runtime": 9214.8293,
    "train_samples": 367704,
    "train_samples_per_second": 119.711,
    "train_steps_per_second": 14.964
}