{
    "epoch": 3.0,
    "eval_accuracy": 0.0003501911460005253,
    "eval_loss": 3.5046908855438232,
    "eval_runtime": 4939.9495,
    "eval_samples": 102801,
    "eval_samples_per_second": 20.81,
    "eval_steps_per_second": 2.601
}