{
    "epoch": 3.0,
    "eval_accuracy": 0.011820131372317253,
    "eval_loss": 2.6057960987091064,
    "eval_runtime": 5719.8617,
    "eval_samples": 118442,
    "eval_samples_per_second": 20.707,
    "eval_steps_per_second": 2.589
}