{
    "epoch": 3.0,
    "eval_accuracy": 0.07352966008679354,
    "eval_loss": 1.6850979328155518,
    "eval_runtime": 16926.6599,
    "eval_samples": 118442,
    "eval_samples_per_second": 6.997,
    "eval_steps_per_second": 0.875,
    "predict_accuracy": 0.0737407338612992,
    "predict_loss": 1.6892924308776855,
    "predict_runtime": 16954.9106,
    "predict_samples": 118442,
    "predict_samples_per_second": 6.986,
    "predict_steps_per_second": 0.873,
    "train_loss": 0.7770142431561473,
    "train_runtime": 15462.2852,
    "train_samples": 355325,
    "train_samples_per_second": 68.94,
    "train_steps_per_second": 8.618
}