{
    "epoch": 3.0,
    "eval_accuracy": 0.001452081316553727,
    "eval_loss": 2.6673460006713867,
    "eval_runtime": 18053.0216,
    "eval_samples": 119828,
    "eval_samples_per_second": 6.638,
    "eval_steps_per_second": 0.415,
    "predict_accuracy": 0.0017010383070458354,
    "predict_loss": 2.669548749923706,
    "predict_runtime": 17972.588,
    "predict_samples": 118751,
    "predict_samples_per_second": 6.607,
    "predict_steps_per_second": 0.413,
    "train_loss": 3.1155022021185395,
    "train_runtime": 16491.8273,
    "train_samples": 353630,
    "train_samples_per_second": 64.328,
    "train_steps_per_second": 4.021
}