{
    "predict_accuracy": 0.0017010383070458354,
    "predict_loss": 2.669548749923706,
    "predict_runtime": 17972.588,
    "predict_samples": 118751,
    "predict_samples_per_second": 6.607,
    "predict_steps_per_second": 0.413
}