{
    "epoch": 3.0,
    "eval_accuracy": 0.003404880328470808,
    "eval_loss": 2.964750051498413,
    "eval_runtime": 5662.7129,
    "eval_samples": 119828,
    "eval_samples_per_second": 21.161,
    "eval_steps_per_second": 2.645
}