{
    "epoch": 3.0,
    "eval_accuracy": 0.23919284307507427,
    "eval_loss": 1.7087877988815308,
    "eval_runtime": 5598.6097,
    "eval_samples": 119828,
    "eval_samples_per_second": 21.403,
    "eval_steps_per_second": 2.675,
    "predict_accuracy": 0.23250330523532434,
    "predict_loss": 1.7151812314987183,
    "predict_runtime": 5621.1463,
    "predict_samples": 118751,
    "predict_samples_per_second": 21.126,
    "predict_steps_per_second": 2.641,
    "train_loss": 1.9561417458575405,
    "train_runtime": 7806.8641,
    "train_samples": 353630,
    "train_samples_per_second": 135.892,
    "train_steps_per_second": 16.987
}