{
    "epoch": 3.0,
    "eval_accuracy": 0.23919284307507427,
    "eval_loss": 1.7087877988815308,
    "eval_runtime": 5598.6097,
    "eval_samples": 119828,
    "eval_samples_per_second": 21.403,
    "eval_steps_per_second": 2.675
}