{
    "epoch": 3.0,
    "eval_accuracy": 0.004229918441093531,
    "eval_loss": 2.6477649211883545,
    "eval_runtime": 18005.4305,
    "eval_samples": 118442,
    "eval_samples_per_second": 6.578,
    "eval_steps_per_second": 0.411,
    "predict_accuracy": 0.004035730568548319,
    "predict_loss": 2.6597158908843994,
    "predict_runtime": 18072.0325,
    "predict_samples": 118442,
    "predict_samples_per_second": 6.554,
    "predict_steps_per_second": 0.41,
    "train_loss": 3.116936491728974,
    "train_runtime": 21862.1664,
    "train_samples": 355325,
    "train_samples_per_second": 48.759,
    "train_steps_per_second": 3.047
}