{
    "epoch": 3.0,
    "eval_accuracy": 0.4559868965400787,
    "eval_loss": 0.7920012474060059,
    "eval_runtime": 8801.0617,
    "eval_samples": 118442,
    "eval_samples_per_second": 13.458,
    "eval_steps_per_second": 0.841
}