{
    "predict_accuracy": 0.06935046067974156,
    "predict_loss": 6.77446985244751,
    "predict_runtime": 3480.6374,
    "predict_samples": 26157,
    "predict_samples_per_second": 7.515,
    "predict_steps_per_second": 0.939
}