{
    "epoch": 3.0,
    "eval_accuracy": 0.0003112810186671336,
    "eval_loss": 3.473404884338379,
    "eval_runtime": 13459.0022,
    "eval_samples": 102801,
    "eval_samples_per_second": 7.638,
    "eval_steps_per_second": 0.477,
    "predict_accuracy": 0.00016433313613356998,
    "predict_loss": 3.5225439071655273,
    "predict_runtime": 15977.9445,
    "predict_samples": 121704,
    "predict_samples_per_second": 7.617,
    "predict_steps_per_second": 0.476,
    "train_loss": 2.9809073203434346,
    "train_runtime": 61141.2859,
    "train_samples": 367704,
    "train_samples_per_second": 18.042,
    "train_steps_per_second": 1.128
}