{
    "epoch": 3.0,
    "eval_accuracy": 0.0003112810186671336,
    "eval_loss": 3.473404884338379,
    "eval_runtime": 13459.0022,
    "eval_samples": 102801,
    "eval_samples_per_second": 7.638,
    "eval_steps_per_second": 0.477
}