{
    "predict_accuracy": 0.00016433313613356998,
    "predict_loss": 3.5225439071655273,
    "predict_runtime": 15977.9445,
    "predict_samples": 121704,
    "predict_samples_per_second": 7.617,
    "predict_steps_per_second": 0.476
}