{
    "epoch": 3.0,
    "eval_accuracy": 0.00025291582766704605,
    "eval_loss": 2.7205758094787598,
    "eval_runtime": 15796.117,
    "eval_samples": 102801,
    "eval_samples_per_second": 6.508,
    "eval_steps_per_second": 0.407,
    "predict_accuracy": 0.00012324985210017747,
    "predict_loss": 2.7430179119110107,
    "predict_runtime": 18954.7419,
    "predict_samples": 121704,
    "predict_samples_per_second": 6.421,
    "predict_steps_per_second": 0.401,
    "train_loss": 3.107198856685622,
    "train_runtime": 17291.1665,
    "train_samples": 367704,
    "train_samples_per_second": 63.796,
    "train_steps_per_second": 3.987
}