{
    "predict_accuracy": 0.00012324985210017747,
    "predict_loss": 2.7430179119110107,
    "predict_runtime": 18954.7419,
    "predict_samples": 121704,
    "predict_samples_per_second": 6.421,
    "predict_steps_per_second": 0.401
}