{
    "predict_accuracy": 0.008088347039057092,
    "predict_loss": 2.7003257274627686,
    "predict_runtime": 5616.6527,
    "predict_samples": 118442,
    "predict_samples_per_second": 21.088,
    "predict_steps_per_second": 2.636
}