{
    "epoch": 3.0,
    "eval_accuracy": 0.21206019396698475,
    "eval_loss": 1.6125434637069702,
    "eval_runtime": 7615.0345,
    "eval_samples": 102801,
    "eval_samples_per_second": 13.5,
    "eval_steps_per_second": 0.844
}