{
    "epoch": 3.0,
    "eval_accuracy": 0.0012935207130219983,
    "eval_loss": 2.5138306617736816,
    "eval_runtime": 9333.0784,
    "eval_samples": 119828,
    "eval_samples_per_second": 12.839,
    "eval_steps_per_second": 1.605,
    "predict_accuracy": 0.0010020968244477942,
    "predict_loss": 2.508819341659546,
    "predict_runtime": 9272.2179,
    "predict_samples": 118751,
    "predict_samples_per_second": 12.807,
    "predict_steps_per_second": 1.601,
    "train_loss": 2.9041364342616998,
    "train_runtime": 8752.5752,
    "train_samples": 353630,
    "train_samples_per_second": 121.209,
    "train_steps_per_second": 15.151
}