{
    "epoch": 3.0,
    "eval_accuracy": 0.0012935207130219983,
    "eval_loss": 2.5138306617736816,
    "eval_runtime": 9333.0784,
    "eval_samples": 119828,
    "eval_samples_per_second": 12.839,
    "eval_steps_per_second": 1.605
}