{
    "epoch": 3.0,
    "eval_accuracy": 0.002228193744366926,
    "eval_loss": 3.029895544052124,
    "eval_runtime": 5574.8226,
    "eval_samples": 119828,
    "eval_samples_per_second": 21.494,
    "eval_steps_per_second": 2.687
}