{
    "epoch": 3.0,
    "eval_accuracy": 0.004052616470508772,
    "eval_loss": 2.4912610054016113,
    "eval_runtime": 9045.4417,
    "eval_samples": 118442,
    "eval_samples_per_second": 13.094,
    "eval_steps_per_second": 1.637
}