{
    "epoch": 3.0,
    "eval_accuracy": 0.008434508029246382,
    "eval_loss": 2.701791524887085,
    "eval_runtime": 12639.883,
    "eval_samples": 118442,
    "eval_samples_per_second": 9.37,
    "eval_steps_per_second": 1.171,
    "predict_accuracy": 0.008485165735127741,
    "predict_loss": 2.698371648788452,
    "predict_runtime": 12648.2855,
    "predict_samples": 118442,
    "predict_samples_per_second": 9.364,
    "predict_steps_per_second": 1.171,
    "train_loss": 0.0054223622185581586,
    "train_runtime": 87.4943,
    "train_samples": 355325,
    "train_samples_per_second": 12183.364,
    "train_steps_per_second": 1522.933
}