{
    "epoch": 3.0,
    "eval_accuracy": 0.004052616470508772,
    "eval_loss": 2.4912610054016113,
    "eval_runtime": 9045.4417,
    "eval_samples": 118442,
    "eval_samples_per_second": 13.094,
    "eval_steps_per_second": 1.637,
    "predict_accuracy": 0.0038077708920822005,
    "predict_loss": 2.495265007019043,
    "predict_runtime": 9061.8864,
    "predict_samples": 118442,
    "predict_samples_per_second": 13.07,
    "predict_steps_per_second": 1.634,
    "train_loss": 2.907522643104868,
    "train_runtime": 8734.2701,
    "train_samples": 355325,
    "train_samples_per_second": 122.045,
    "train_steps_per_second": 15.256
}