{
    "predict_accuracy": 0.09228887104790305,
    "predict_loss": 2.068061113357544,
    "predict_runtime": 1681.3216,
    "predict_samples": 26157,
    "predict_samples_per_second": 15.557,
    "predict_steps_per_second": 1.945
}