{
    "epoch": 3.0,
    "eval_accuracy": 0.0052236845945078355,
    "eval_loss": 1.8235005140304565,
    "eval_runtime": 15307.3686,
    "eval_samples": 102801,
    "eval_samples_per_second": 6.716,
    "eval_steps_per_second": 0.84
}